-- ============================================================================
-- WasteGuard — Données de démonstration
-- ----------------------------------------------------------------------------
-- À exécuter APRÈS docs/wasteguard.sql (schéma).
--   sqlplus user/password@base @docs/seed.sql
-- Les IDs sont fournis explicitement ; les séquences démarrent au-dessus.
-- ============================================================================
SET DEFINE OFF;

-- ---- CLIENT ----------------------------------------------------------------
Insert into CLIENT (ID_CLIENT,NOM,MATRICULE,EMAIL,TYPE_CONTRAT,STATUT_PAIEMENT,DATE_EXPIRATION_CONTRAT,TAUX_TRI,TELEPHONE,DATE_CREATION_CONTRAT) values (101,'Eco Market','CL-101','eco.market@example.com','Mensuel','A_JOUR',to_date('31-DEC-27','DD-MON-RR'),82,'20100001',to_date('10-JAN-26','DD-MON-RR'));
Insert into CLIENT (ID_CLIENT,NOM,MATRICULE,EMAIL,TYPE_CONTRAT,STATUT_PAIEMENT,DATE_EXPIRATION_CONTRAT,TAUX_TRI,TELEPHONE,DATE_CREATION_CONTRAT) values (102,'Hotel Azure','CL-102','hotel.azure@example.com','Trimestriel','EN_RETARD',to_date('31-DEC-26','DD-MON-RR'),67,'20100002',to_date('05-NOV-25','DD-MON-RR'));
Insert into CLIENT (ID_CLIENT,NOM,MATRICULE,EMAIL,TYPE_CONTRAT,STATUT_PAIEMENT,DATE_EXPIRATION_CONTRAT,TAUX_TRI,TELEPHONE,DATE_CREATION_CONTRAT) values (103,'Campus Nord','CL-103','campus.nord@example.com','Annuel','SUSPENDU',to_date('30-SEP-26','DD-MON-RR'),45,'20100003',to_date('01-SEP-24','DD-MON-RR'));

-- ---- EMPLOYE ---------------------------------------------------------------
Insert into EMPLOYE (ID_EMP,MATRICULE,CIN,NOM,EMAIL,SPECIALITE,DISPONIBILITE,FACE_TEMPLATE_UPDATED_AT,FACE_ENABLED,RFID,LAST_POINTAGE_DATE,SALAIRE,LAST_POINTAGE_TYPE,LAST_ENTRY_TIME,TOTAL_HOURS_TODAY,TOTAL_HOURS_MONTH) values (201,'EMP-201','CIN201','Ali Ben Salah','ali.bensalah@example.com','Maintenance','INDISPONIBLE',to_date('01-MAY-26','DD-MON-RR'),1,'RFID-201',to_date('09-MAY-26','DD-MON-RR'),1500,null,null,0,0);
Insert into EMPLOYE (ID_EMP,MATRICULE,CIN,NOM,EMAIL,SPECIALITE,DISPONIBILITE,FACE_TEMPLATE_UPDATED_AT,FACE_ENABLED,RFID,LAST_POINTAGE_DATE,SALAIRE,LAST_POINTAGE_TYPE,LAST_ENTRY_TIME,TOTAL_HOURS_TODAY,TOTAL_HOURS_MONTH) values (202,'EMP-202','CIN202','Meriem Trabelsi','meriem.trabelsi@example.com','Installation','INDISPONIBLE',null,1,'RFID-202',to_date('08-MAY-26','DD-MON-RR'),1650,null,null,0,0);
Insert into EMPLOYE (ID_EMP,MATRICULE,CIN,NOM,EMAIL,SPECIALITE,DISPONIBILITE,FACE_TEMPLATE_UPDATED_AT,FACE_ENABLED,RFID,LAST_POINTAGE_DATE,SALAIRE,LAST_POINTAGE_TYPE,LAST_ENTRY_TIME,TOTAL_HOURS_TODAY,TOTAL_HOURS_MONTH) values (203,'EMP-203','CIN203','Youssef Gharbi','youssef.gharbi@example.com','IoT','INDISPONIBLE',null,1,'RFID-203',to_date('10-MAY-26','DD-MON-RR'),1750,null,null,0,0);
Insert into EMPLOYE (ID_EMP,MATRICULE,CIN,NOM,EMAIL,SPECIALITE,DISPONIBILITE,FACE_TEMPLATE_UPDATED_AT,FACE_ENABLED,RFID,LAST_POINTAGE_DATE,SALAIRE,LAST_POINTAGE_TYPE,LAST_ENTRY_TIME,TOTAL_HOURS_TODAY,TOTAL_HOURS_MONTH) values (204,'EMP-204','CIN204','Sarra Kefi','sarra.kefi@example.com','Support','INDISPONIBLE',null,1,'RFID-204',to_date('07-MAY-26','DD-MON-RR'),1400,null,null,0,0);

-- ---- MATIERE_PREMIERE ------------------------------------------------------
Insert into MATIERE_PREMIERE (ID_MP,REFERENCE,NOM,QUANTITE,SEUIL_CRITIQUE,PRIX,DATE_FABRICATION,DATE_ACHAT,NUM_FOUR,NOM_FOUR,EMAIL_FOUR) values (301,'MP-PLA-001','Plastique Recycle',1200,200,2.5,to_date('10-MAR-26','DD-MON-RR'),to_date('15-MAR-26','DD-MON-RR'),1001,'PolyTun','contact@polytun.tn');
Insert into MATIERE_PREMIERE (ID_MP,REFERENCE,NOM,QUANTITE,SEUIL_CRITIQUE,PRIX,DATE_FABRICATION,DATE_ACHAT,NUM_FOUR,NOM_FOUR,EMAIL_FOUR) values (302,'MP-MET-001','Alliage Metal',500,100,6.8,to_date('20-FEB-26','DD-MON-RR'),to_date('25-FEB-26','DD-MON-RR'),1002,'MetalPro','sales@metalpro.tn');
Insert into MATIERE_PREMIERE (ID_MP,REFERENCE,NOM,QUANTITE,SEUIL_CRITIQUE,PRIX,DATE_FABRICATION,DATE_ACHAT,NUM_FOUR,NOM_FOUR,EMAIL_FOUR) values (303,'MP-ELE-001','Module Electronique',300,80,25,to_date('01-APR-26','DD-MON-RR'),to_date('03-APR-26','DD-MON-RR'),1003,'Electra','support@electra.tn');
Insert into MATIERE_PREMIERE (ID_MP,REFERENCE,NOM,QUANTITE,SEUIL_CRITIQUE,PRIX,DATE_FABRICATION,DATE_ACHAT,NUM_FOUR,NOM_FOUR,EMAIL_FOUR) values (801,'CAP-TS-001','Capteur Temperature Smart v1',25,5,120,null,to_date('10-MAY-26','DD-MON-RR'),null,'Stock Interne','stock@wasteguard.tn');
Insert into MATIERE_PREMIERE (ID_MP,REFERENCE,NOM,QUANTITE,SEUIL_CRITIQUE,PRIX,DATE_FABRICATION,DATE_ACHAT,NUM_FOUR,NOM_FOUR,EMAIL_FOUR) values (802,'CAP-NV-002','Capteur Niveau v2',40,10,95,null,to_date('10-MAY-26','DD-MON-RR'),null,'Stock Interne','stock@wasteguard.tn');
Insert into MATIERE_PREMIERE (ID_MP,REFERENCE,NOM,QUANTITE,SEUIL_CRITIQUE,PRIX,DATE_FABRICATION,DATE_ACHAT,NUM_FOUR,NOM_FOUR,EMAIL_FOUR) values (803,'CAP-GZ-003','Capteur ultrason',15,4,150,to_date('01-JAN-00','DD-MON-RR'),to_date('10-MAY-26','DD-MON-RR'),1,'Stock Interne','stock@wasteguard.tn');

-- ---- BAC_INTEL -------------------------------------------------------------
Insert into BAC_INTEL (ID_BAC,NUM_SERIE,MODELE,REMPLISSAGE,LOCALISATION_STOCK,ID_COMMANDE,PRIX,STOCK,CAPACITE_BATTERIE,CARACTERISTIQUES,IMAGE_PATH,NUM_UNITE,STATUT_BAC) values (401,'BAC-SX1','SmartBin X1',35,'A1-N1',null,850,5,5000,'Capteur niveau + GPS','img/bac401.png',1,'EN_SERVICE');
Insert into BAC_INTEL (ID_BAC,NUM_SERIE,MODELE,REMPLISSAGE,LOCALISATION_STOCK,ID_COMMANDE,PRIX,STOCK,CAPACITE_BATTERIE,CARACTERISTIQUES,IMAGE_PATH,NUM_UNITE,STATUT_BAC) values (402,'BAC-SX1','SmartBin X1',20,'A1-N2',null,850,3,5000,'Capteur niveau + GPS','img/bac402.png',2,'EN_SERVICE');
Insert into BAC_INTEL (ID_BAC,NUM_SERIE,MODELE,REMPLISSAGE,LOCALISATION_STOCK,ID_COMMANDE,PRIX,STOCK,CAPACITE_BATTERIE,CARACTERISTIQUES,IMAGE_PATH,NUM_UNITE,STATUT_BAC) values (403,'BAC-SX2','SmartBin X2',78,'B2-N1',null,980,4,6200,'IoT + anti-odeur','img/bac403.png',1,'A_VIDER');
Insert into BAC_INTEL (ID_BAC,NUM_SERIE,MODELE,REMPLISSAGE,LOCALISATION_STOCK,ID_COMMANDE,PRIX,STOCK,CAPACITE_BATTERIE,CARACTERISTIQUES,IMAGE_PATH,NUM_UNITE,STATUT_BAC) values (404,'BAC-SX3','SmartBin X3',10,'B2-N2',null,1100,2,7000,'Version industrielle','img/bac404.png',1,'EN_PANNE');
Insert into BAC_INTEL (ID_BAC,NUM_SERIE,MODELE,REMPLISSAGE,LOCALISATION_STOCK,ID_COMMANDE,PRIX,STOCK,CAPACITE_BATTERIE,CARACTERISTIQUES,IMAGE_PATH,NUM_UNITE,STATUT_BAC) values (405,'BAC-SX4','SmartBin X4',50,'C1-N1',null,1200,6,7600,'Capteur flame + GPS','img/bac405.png',1,'EN_ATTENTE');
Insert into BAC_INTEL (ID_BAC,NUM_SERIE,MODELE,REMPLISSAGE,LOCALISATION_STOCK,ID_COMMANDE,PRIX,STOCK,CAPACITE_BATTERIE,CARACTERISTIQUES,IMAGE_PATH,NUM_UNITE,STATUT_BAC) values (406,'BAC-SX5','SmartBin X5',5,'C1-N2',null,99.99,1,5400,'Capteur Niveau v2, Capteur Temperature Smart v1, Capteur ultrason','img/bac406.png',1,'EN_SERVICE');

-- ---- COMMANDE (REFER fourni explicitement -> le trigger ne s'active pas) ----
Insert into COMMANDE (ID_COMMANDE,ID_CLIENT,QTE,PRIORITE,STATUT,DATE_COMMANDE,DATE_LIVRAISON,PRIX_TOTAL,ADRESSE,REFER,START_ADRESSE,PATH_HISTORY) values (501,101,4,'NORMALE','LIVRAISON_EN_COURS',to_date('01-MAY-26','DD-MON-RR'),to_date('12-MAY-26','DD-MON-RR'),3400,'36.8065,10.1815','CMD-077','36.8060,10.1800',null);
Insert into COMMANDE (ID_COMMANDE,ID_CLIENT,QTE,PRIORITE,STATUT,DATE_COMMANDE,DATE_LIVRAISON,PRIX_TOTAL,ADRESSE,REFER,START_ADRESSE,PATH_HISTORY) values (502,102,2,'HAUTE','LIVRAISON_EN_COURS',to_date('03-MAY-26','DD-MON-RR'),to_date('11-MAY-26','DD-MON-RR'),2200,'36.8620,10.1950','CMD-081','36.8600,10.1900',null);
Insert into COMMANDE (ID_COMMANDE,ID_CLIENT,QTE,PRIORITE,STATUT,DATE_COMMANDE,DATE_LIVRAISON,PRIX_TOTAL,ADRESSE,REFER,START_ADRESSE,PATH_HISTORY) values (503,101,1,'NORMALE','LIVREE',to_date('20-APR-26','DD-MON-RR'),to_date('25-APR-26','DD-MON-RR'),1200,'36.8100,10.1802','CMD-078',null,null);
Insert into COMMANDE (ID_COMMANDE,ID_CLIENT,QTE,PRIORITE,STATUT,DATE_COMMANDE,DATE_LIVRAISON,PRIX_TOTAL,ADRESSE,REFER,START_ADRESSE,PATH_HISTORY) values (504,103,3,'URGENTE','ANNULEE',to_date('04-MAY-26','DD-MON-RR'),to_date('07-MAY-26','DD-MON-RR'),2940,'36.9000,10.2100','CMD-079',null,null);
Insert into COMMANDE (ID_COMMANDE,ID_CLIENT,QTE,PRIORITE,STATUT,DATE_COMMANDE,DATE_LIVRAISON,PRIX_TOTAL,ADRESSE,REFER,START_ADRESSE,PATH_HISTORY) values (505,102,6,'FAIBLE','LIVRAISON_EN_COURS',to_date('05-MAY-26','DD-MON-RR'),to_date('20-MAY-26','DD-MON-RR'),5350,'36.8800,10.1700','CMD-080',null,null);

-- ---- COMMANDE_BAC ----------------------------------------------------------
Insert into COMMANDE_BAC (ID_COMMANDE,ID_BAC,QTE,PRIX_UNITAIRE) values (501,401,2,850);
Insert into COMMANDE_BAC (ID_COMMANDE,ID_BAC,QTE,PRIX_UNITAIRE) values (501,402,2,850);
Insert into COMMANDE_BAC (ID_COMMANDE,ID_BAC,QTE,PRIX_UNITAIRE) values (502,403,2,1100);
Insert into COMMANDE_BAC (ID_COMMANDE,ID_BAC,QTE,PRIX_UNITAIRE) values (503,404,1,1200);
Insert into COMMANDE_BAC (ID_COMMANDE,ID_BAC,QTE,PRIX_UNITAIRE) values (504,405,3,980);
Insert into COMMANDE_BAC (ID_COMMANDE,ID_BAC,QTE,PRIX_UNITAIRE) values (505,401,1,850);
Insert into COMMANDE_BAC (ID_COMMANDE,ID_BAC,QTE,PRIX_UNITAIRE) values (505,406,5,900);

-- ---- INTERVENTION ----------------------------------------------------------
Insert into INTERVENTION (ID_INTER,ID_BAC,DATE_INTER,REFERENCE,DUREE,COUT,STATUT,TYPE,PRIORITE,TECHNICIEN,DESCRIPT,ADRESSE,PHOTO_AVANT,PHOTO_APRES,MAIN_OEUVRE) values (701,403,to_date('02-MAY-26','DD-MON-RR'),'INT-2026-701',2.5,180,'EN_COURS','Maintenance preventive','HAUTE','EMP-202','Controle capteurs','Ariana',null,null,90);
Insert into INTERVENTION (ID_INTER,ID_BAC,DATE_INTER,REFERENCE,DUREE,COUT,STATUT,TYPE,PRIORITE,TECHNICIEN,DESCRIPT,ADRESSE,PHOTO_AVANT,PHOTO_APRES,MAIN_OEUVRE) values (702,401,to_date('15-APR-26','DD-MON-RR'),'INT-2026-702',1.75,120,'TERMINEE','Installation','NORMALE','EMP-201','Installation site client','Tunis',null,null,70);
Insert into INTERVENTION (ID_INTER,ID_BAC,DATE_INTER,REFERENCE,DUREE,COUT,STATUT,TYPE,PRIORITE,TECHNICIEN,DESCRIPT,ADRESSE,PHOTO_AVANT,PHOTO_APRES,MAIN_OEUVRE) values (703,405,to_date('06-MAY-26','DD-MON-RR'),'INT-2026-703',0.5,40,'EN_ATTENTE','Diagnostic','FAIBLE','EMP-203','Verification batterie','La Marsa',null,null,20);

-- ---- EFFECTUATION ----------------------------------------------------------
Insert into EFFECTUATION (ID_EMP,ID_INTER) values (201,702);
Insert into EFFECTUATION (ID_EMP,ID_INTER) values (202,701);
Insert into EFFECTUATION (ID_EMP,ID_INTER) values (203,703);
Insert into EFFECTUATION (ID_EMP,ID_INTER) values (204,701);

-- ---- FABRICATION -----------------------------------------------------------
Insert into FABRICATION (ID_MP,ID_BAC,QTE_UTILISE) values (301,401,15);
Insert into FABRICATION (ID_MP,ID_BAC,QTE_UTILISE) values (302,403,8);
Insert into FABRICATION (ID_MP,ID_BAC,QTE_UTILISE) values (303,405,5);
Insert into FABRICATION (ID_MP,ID_BAC,QTE_UTILISE) values (801,406,1);
Insert into FABRICATION (ID_MP,ID_BAC,QTE_UTILISE) values (802,406,1);
Insert into FABRICATION (ID_MP,ID_BAC,QTE_UTILISE) values (803,406,1);

-- ---- ADMIN_NOTIFICATION ----------------------------------------------------
Insert into ADMIN_NOTIFICATION (ID_NOTIF,TARGET_EMAIL,TITLE,BODY,REF_TYPE,REF_ID,IS_READ,CREATED_AT) values (901,'admin@wasteguard.tn','Commande en cours','La commande 502 est en livraison.','COMMANDE',502,0,to_date('06-MAY-26','DD-MON-RR'));
Insert into ADMIN_NOTIFICATION (ID_NOTIF,TARGET_EMAIL,TITLE,BODY,REF_TYPE,REF_ID,IS_READ,CREATED_AT) values (902,'admin@wasteguard.tn','Intervention ouverte','Intervention 701 en cours.','INTERVENTION',701,0,to_date('07-MAY-26','DD-MON-RR'));

COMMIT;
